{
  "config": {
    "embed_dim": 768,
    "num_heads": 12,
    "batch_size": 4,
    "seq_lengths": [
      256,
      512,
      1024,
      2048,
      4096,
      8192
    ],
    "num_runs": 5,
    "warmup_runs": 2,
    "device": "cuda",
    "causal": true
  },
  "results": {
    "Naive": {
      "seq_lengths": [
        256,
        512,
        1024,
        2048,
        4096,
        8192
      ],
      "memory_mb": [
        89.2578125,
        281.50390625,
        1026.37109375,
        3957.60546875,
        15586.07421875,
        61907.01171875
      ],
      "time_ms": [
        0.7613519997903495,
        1.8013380000411416,
        4.927624999982072,
        14.301714200337301,
        52.693519800050126,
        206.719329400039
      ],
      "time_std": [
        0.007561537730629129,
        0.005195992726031331,
        0.006319898866687038,
        0.002722121786370765,
        0.01600514276580316,
        0.053371641026119396
      ]
    },
    "Flash V1": {
      "seq_lengths": [
        256,
        512,
        1024,
        2048,
        4096,
        8192
      ],
      "memory_mb": [
        36.78515625,
        54.13671875,
        90.13671875,
        162.13671875,
        306.13671875,
        594.13671875
      ],
      "time_ms": [
        7.073726999988139,
        24.156913600018015,
        89.83658679990185,
        349.15797080011544,
        1366.5432429999782,
        5329.042845799995
      ],
      "time_std": [
        0.01899179689536087,
        0.07235440609343027,
        0.9405181528629716,
        2.9362048058319856,
        7.570833168045898,
        13.88633711531117
      ]
    },
    "Flash V2": {
      "seq_lengths": [
        256,
        512,
        1024,
        2048,
        4096,
        8192
      ],
      "memory_mb": [
        36.80859375,
        54.13671875,
        90.13671875,
        162.13671875,
        306.13671875,
        594.13671875
      ],
      "time_ms": [
        6.018052999934298,
        18.88274060020194,
        66.67464580023079,
        247.62380079992,
        956.5661610000461,
        3760.875667399887
      ],
      "time_std": [
        0.009783839170074223,
        0.040187803240613246,
        0.46419029951623897,
        2.730479886380706,
        1.8641076805578534,
        15.26534671045275
      ]
    },
    "GQA": {
      "seq_lengths": [
        256,
        512,
        1024,
        2048,
        4096,
        8192
      ],
      "memory_mb": [
        34.1328125,
        52.1328125,
        87.3828125,
        159.3828125,
        303.3828125,
        591.3828125
      ],
      "time_ms": [
        5.838516400035587,
        18.42230499987636,
        64.19060779990104,
        245.20402160014783,
        938.0533486000786,
        3644.585024600201
      ],
      "time_std": [
        0.02360187911030471,
        0.08073190975936372,
        0.2372265288165758,
        0.3651931335077484,
        4.995915323129536,
        14.71309501459142
      ]
    },
    "Triton": {
      "seq_lengths": [
        256,
        512,
        1024,
        2048,
        4096,
        8192
      ],
      "memory_mb": [
        41.13671875,
        65.13671875,
        113.13671875,
        209.13671875,
        401.13671875,
        785.13671875
      ],
      "time_ms": [
        0.5335460000424064,
        0.9611747998860665,
        1.7664196002442623,
        3.6760830003913725,
        8.285718000115594,
        17.58610859997134
      ],
      "time_std": [
        0.01241328618474708,
        0.0028857417997212908,
        0.011329674419013513,
        0.00943234879013951,
        0.01885630947757109,
        0.02151762679950471
      ]
    }
  },
  "speedups": {
    "Flash V1": [
      0.10763095604221454,
      0.07456821802102229,
      0.05485098193854639,
      0.040960583450419606,
      0.03855971632801888,
      0.038791080383780686
    ],
    "Flash V2": [
      0.12651134840431974,
      0.09539600411721365,
      0.07390552946836974,
      0.057755814078199554,
      0.05508612153388477,
      0.05496574406644933
    ],
    "GQA": [
      0.13040162048456502,
      0.09778027234123152,
      0.07676551397274148,
      0.05832577339885146,
      0.05617326549570798,
      0.05671957932239911
    ],
    "Triton": [
      1.4269659968022197,
      1.8741003199986772,
      2.7896118222990025,
      3.890476411662815,
      6.359559883562897,
      11.754694236357432
    ]
  },
  "reductions": {
    "Flash V1": [
      2.426462780078581,
      5.199870120499314,
      11.3868255687974,
      24.409063531452524,
      50.912135866583306,
      104.19657591437156
    ],
    "Flash V2": [
      2.4249177544306484,
      5.199870120499314,
      11.3868255687974,
      24.409063531452524,
      50.912135866583306,
      104.19657591437156
    ],
    "GQA": [
      2.6150148775463493,
      5.399745242020081,
      11.745686186857398,
      24.830817116808,
      51.37428218267968,
      104.68179055973157
    ],
    "Triton": [
      2.169784445921565,
      4.321739130434783,
      9.07195387218175,
      18.923532378266312,
      38.854768188059325,
      78.84870270404737
    ]
  }
}