{
  "config": {
    "embed_dim": 768,
    "num_heads": 12,
    "batch_size": 4,
    "seq_lengths": [
      256,
      512,
      1024,
      2048,
      4096
    ],
    "num_runs": 5,
    "warmup_runs": 2,
    "device": "cuda",
    "causal": false
  },
  "results": {
    "Naive": {
      "seq_lengths": [
        256,
        512,
        1024,
        2048,
        4096
      ],
      "memory_mb": [
        89.1953125,
        281.25390625,
        1025.37109375,
        3953.60546875,
        15570.07421875
      ],
      "time_ms": [
        0.7210869998743874,
        1.6529830001672963,
        4.390871999930823,
        13.655694399858476,
        43.56034060019738
      ],
      "time_std": [
        0.011420627177716676,
        0.008425000767515501,
        0.0052794410362088234,
        0.6371883875485757,
        0.02620117971388325
      ]
    },
    "Flash V1": {
      "seq_lengths": [
        256,
        512,
        1024,
        2048,
        4096
      ],
      "memory_mb": [
        36.7802734375,
        54.13671875,
        90.13671875,
        162.13671875,
        306.13671875
      ],
      "time_ms": [
        9.195317399826308,
        35.09610620003514,
        139.94951539989415,
        550.423848200262,
        2220.3481075997843
      ],
      "time_std": [
        0.039362833438346505,
        0.04664777428036509,
        3.002484826323719,
        2.8616720134298337,
        16.797313583048687
      ]
    },
    "Flash V2": {
      "seq_lengths": [
        256,
        512,
        1024,
        2048,
        4096
      ],
      "memory_mb": [
        36.8037109375,
        54.13671875,
        90.13671875,
        162.13671875,
        306.13671875
      ],
      "time_ms": [
        8.367805200214207,
        30.967067599885922,
        122.16204020005534,
        478.9251272000911,
        1889.0183839999736
      ],
      "time_std": [
        0.024377428364857474,
        0.041828436738305476,
        0.418955582718763,
        3.0420348554659125,
        4.963055668832954
      ]
    },
    "GQA": {
      "seq_lengths": [
        256,
        512,
        1024,
        2048,
        4096
      ],
      "memory_mb": [
        34.1328125,
        52.1328125,
        87.3828125,
        159.3828125,
        303.3828125
      ],
      "time_ms": [
        8.08197940023092,
        29.765833799683605,
        115.70634440013237,
        453.45875839993823,
        1814.845919199979
      ],
      "time_std": [
        0.02917555546147248,
        0.04452963809436839,
        0.18142308060289541,
        2.199634239365049,
        6.470682721512946
      ]
    },
    "Triton": {
      "seq_lengths": [
        256,
        512,
        1024,
        2048,
        4096
      ],
      "memory_mb": [
        41.13671875,
        65.13671875,
        113.13671875,
        209.13671875,
        401.13671875
      ],
      "time_ms": [
        0.5771225998614682,
        0.985335000041232,
        1.9429443998888019,
        4.41454360006901,
        11.143052600164083
      ],
      "time_std": [
        0.04189248368040448,
        0.002741816488267776,
        0.004085930448241633,
        0.006690819215783186,
        0.004347131397418492
      ]
    }
  },
  "speedups": {
    "Flash V1": [
      0.0784189352602454,
      0.04709875764410701,
      0.0313746852740738,
      0.024809416315279442,
      0.019618698730662774
    ],
    "Flash V2": [
      0.08617397066747304,
      0.053378738391535195,
      0.03594301464464928,
      0.02851321349475413,
      0.023059775896917892
    ],
    "GQA": [
      0.08922158349646181,
      0.05553289759297341,
      0.03794841175473002,
      0.030114523420042814,
      0.024002225279488
    ],
    "Triton": [
      1.2494520229280162,
      1.6775847809101738,
      2.259906150779261,
      3.093342287896988,
      3.909192764607065
    ]
  },
  "reductions": {
    "Flash V1": [
      2.4250856278044766,
      5.195252182697164,
      11.375731310942578,
      24.384392993952826,
      50.85987163619196
    ],
    "Flash V2": [
      2.423541274179425,
      5.195252182697164,
      11.375731310942578,
      24.384392993952826,
      50.85987163619196
    ],
    "GQA": [
      2.6131837949187458,
      5.394949797692193,
      11.734242288779615,
      24.805720307828047,
      51.32154353256251
    ],
    "Triton": [
      2.168265122020701,
      4.317901049475262,
      9.063115008804337,
      18.904406133846354,
      38.814881537817335
    ]
  }
}