{
  "config": {
    "embed_dim": 768,
    "num_heads": 12,
    "batch_size": 4,
    "seq_lengths": [
      256,
      512,
      1024,
      2048,
      4096
    ],
    "num_runs": 5,
    "warmup_runs": 2,
    "device": "cuda",
    "causal": false
  },
  "results": {
    "Naive": {
      "seq_lengths": [
        256,
        512,
        1024,
        2048,
        4096
      ],
      "memory_mb": [
        113.0703125,
        305.12890625,
        1049.24609375,
        3977.48046875,
        15593.94921875
      ],
      "time_ms": [
        0.3158995999910985,
        0.6733596000003672,
        1.8428043999847432,
        5.56933420000405,
        20.019516799993653
      ],
      "time_std": [
        0.0065959607466893055,
        0.002818406587102773,
        0.007600610584248239,
        0.0009343882276758036,
        0.008627289816181894
      ]
    },
    "Flash V1": {
      "seq_lengths": [
        256,
        512,
        1024,
        2048,
        4096
      ],
      "memory_mb": [
        60.6552734375,
        78.01171875,
        114.01171875,
        186.01171875,
        330.01171875
      ],
      "time_ms": [
        4.536053999959222,
        17.54898219999177,
        69.92175419998148,
        278.4927518000359,
        1108.6763738000172
      ],
      "time_std": [
        0.08949231596225293,
        0.5425716320508094,
        1.2765470984320917,
        2.248259498824639,
        5.691919958488157
      ]
    },
    "Flash V2": {
      "seq_lengths": [
        256,
        512,
        1024,
        2048,
        4096
      ],
      "memory_mb": [
        60.6787109375,
        78.01171875,
        114.01171875,
        186.01171875,
        330.01171875
      ],
      "time_ms": [
        4.3864214000223,
        15.092375000017455,
        62.4395967999817,
        227.36774859997695,
        934.4705700000077
      ],
      "time_std": [
        0.09731283214590564,
        0.24920379023001457,
        1.0462731720942533,
        2.1734558578003975,
        7.192632262217336
      ]
    },
    "GQA": {
      "seq_lengths": [
        256,
        512,
        1024,
        2048,
        4096
      ],
      "memory_mb": [
        57.1328125,
        74.6328125,
        110.6328125,
        182.6328125,
        326.6328125
      ],
      "time_ms": [
        3.800823999995373,
        13.990197599969179,
        56.17416220002269,
        219.08771799999158,
        872.3906086000397
      ],
      "time_std": [
        0.15560991169847907,
        0.5173780306960319,
        0.6357441841372642,
        2.2060857491682864,
        4.462153932190478
      ]
    },
    "Triton": {
      "seq_lengths": [
        256,
        512,
        1024,
        2048,
        4096
      ],
      "memory_mb": [
        65.01171875,
        89.01171875,
        137.01171875,
        233.01171875,
        425.01171875
      ],
      "time_ms": [
        0.23637880001388112,
        0.4043465999984619,
        0.8088782000186256,
        1.78176499998699,
        4.708399800006191
      ],
      "time_std": [
        0.00232563049306677,
        0.009273952720626038,
        0.004116128158729469,
        0.0033691785770082086,
        0.011004472142686217
      ]
    }
  },
  "speedups": {
    "Flash V1": [
      0.06964193988738634,
      0.03837029363450394,
      0.026355236951209546,
      0.01999812980412129,
      0.018057133058023266
    ],
    "Flash V2": [
      0.07201761326203007,
      0.0446158805356737,
      0.029513393654477974,
      0.024494829342760246,
      0.02142337858750703
    ],
    "GQA": [
      0.08311345118623832,
      0.048130814106717885,
      0.032805195980012296,
      0.025420567847642943,
      0.022947882064113204
    ],
    "Triton": [
      1.3364125715696484,
      1.6653029851195202,
      2.2782223577570884,
      3.125740038694618,
      4.251872748777053
    ]
  },
  "reductions": {
    "Flash V1": [
      1.8641464474891727,
      3.911321416053277,
      9.20296707438243,
      21.382956382956383,
      47.252713563675535
    ],
    "Flash V2": [
      1.863426410235777,
      3.911321416053277,
      9.20296707438243,
      21.382956382956383,
      47.252713563675535
    ],
    "GQA": [
      1.9790783536168468,
      4.088401549251544,
      9.484040675093567,
      21.778564400906873,
      47.741526943959435
    ],
    "Triton": [
      1.7392297061827795,
      3.4279633124149735,
      7.65807555238774,
      17.06987309517024,
      36.69063353032545
    ]
  }
}