{
  "config": {
    "embed_dim": 768,
    "num_heads": 12,
    "batch_size": 4,
    "seq_lengths": [
      256,
      512,
      1024,
      2048,
      4096,
      8192
    ],
    "num_runs": 5,
    "warmup_runs": 2,
    "device": "cuda",
    "causal": true
  },
  "results": {
    "Naive": {
      "seq_lengths": [
        256,
        512,
        1024,
        2048,
        4096,
        8192
      ],
      "memory_mb": [
        113.1328125,
        305.37890625,
        1050.24609375,
        3981.48046875,
        15609.94921875,
        61930.88671875
      ],
      "time_ms": [
        0.3402277999839498,
        0.768260800009557,
        2.1559461999913765,
        6.826920200001041,
        25.379792400008228,
        103.2821125999817
      ],
      "time_std": [
        0.0008466057765919449,
        0.0033214645652001086,
        0.005335479858884384,
        0.003942111384903657,
        0.014518545918185221,
        0.01998920834604042
      ]
    },
    "Flash V1": {
      "seq_lengths": [
        256,
        512,
        1024,
        2048,
        4096,
        8192
      ],
      "memory_mb": [
        60.66015625,
        78.01171875,
        114.01171875,
        186.01171875,
        330.01171875,
        618.01171875
      ],
      "time_ms": [
        3.5111692000100447,
        12.456401599979472,
        43.620936799993615,
        173.36066899999878,
        667.2241091999922,
        2620.9983805999855
      ],
      "time_std": [
        0.04688110350967538,
        0.6074592099360893,
        0.9639016476997778,
        4.371008112362627,
        6.855962148442431,
        20.746658080423018
      ]
    },
    "Flash V2": {
      "seq_lengths": [
        256,
        512,
        1024,
        2048,
        4096,
        8192
      ],
      "memory_mb": [
        60.68359375,
        78.01171875,
        114.01171875,
        186.01171875,
        330.01171875,
        618.01171875
      ],
      "time_ms": [
        3.1814551999787,
        9.556355600011557,
        33.23671219998232,
        123.09991199999786,
        474.67341400001715,
        1860.1015130000408
      ],
      "time_std": [
        0.04018009839799176,
        0.33054419435963606,
        0.5207018019599399,
        1.7031303372619406,
        3.299796247618234,
        17.675810034747812
      ]
    },
    "GQA": {
      "seq_lengths": [
        256,
        512,
        1024,
        2048,
        4096,
        8192
      ],
      "memory_mb": [
        57.1328125,
        74.6328125,
        110.6328125,
        182.6328125,
        326.6328125,
        614.6328125
      ],
      "time_ms": [
        3.016654799967,
        8.949694200009617,
        31.81446460000643,
        115.10705680002502,
        444.1781967999759,
        1739.3143303999975
      ],
      "time_std": [
        0.05698095031015645,
        0.09515285143972421,
        0.6338033849840317,
        1.6634379290375696,
        13.190874258765723,
        8.799310466632644
      ]
    },
    "Triton": {
      "seq_lengths": [
        256,
        512,
        1024,
        2048,
        4096,
        8192
      ],
      "memory_mb": [
        65.01171875,
        89.01171875,
        137.01171875,
        233.01171875,
        425.01171875,
        809.01171875
      ],
      "time_ms": [
        0.23538220000318688,
        0.3809135999972568,
        0.7411587999968106,
        1.472693400000935,
        3.340339199985465,
        9.16509019998557
      ],
      "time_std": [
        0.0022265502889441194,
        0.0029233834362011766,
        0.0024837382576974993,
        0.010155203551121227,
        0.019061866922235413,
        0.010157416416149425
      ]
    }
  },
  "speedups": {
    "Flash V1": [
      0.09689871965810605,
      0.06167598193131659,
      0.049424573568344184,
      0.03937986764461026,
      0.038037882699470844,
      0.039405637700676066
    ],
    "Flash V2": [
      0.10694093696061716,
      0.08039265512562424,
      0.06486640998120516,
      0.05545836783377359,
      0.05346790372381654,
      0.055524987146214656
    ],
    "GQA": [
      0.11278313978373383,
      0.0858421285510215,
      0.06776622605778318,
      0.05930931073897076,
      0.0571387622869687,
      0.059380935806025055
    ],
    "Triton": [
      1.4454270542944343,
      2.016889919433409,
      2.9088856531159775,
      4.635669719166737,
      7.5979686135224425,
      11.269077591854394
    ]
  },
  "reductions": {
    "Flash V1": [
      1.8650267241934446,
      3.914526062791047,
      9.211738102579917,
      21.404460404460405,
      47.30119669045843,
      100.20989058914994
    ],
    "Flash V2": [
      1.864306404892179,
      3.914526062791047,
      9.211738102579917,
      21.404460404460405,
      47.30119669045843,
      100.20989058914994
    ],
    "GQA": [
      1.9801722959113908,
      4.09175128231969,
      9.493079584775087,
      21.800466270265645,
      47.790511612332274,
      100.76078832636355
    ],
    "Triton": [
      1.7401910713212763,
      3.4307719313643745,
      7.665374198146829,
      17.087039613753333,
      36.72827955111532,
      76.55128508452152
    ]
  }
}